{"cameraMode":{"drawMode":0,"name":"Shaded","section":"Shading Mode"},"sceneLighting":true,"audioPlay":false,"sceneViewState":{"m_AlwaysRefresh":false,"showFog":true,"showSkybox":true,"showFlares":true,"showImageEffects":true,"showParticleSystems":true,"showVisualEffectGraphs":true,"m_FxEnabled":true},"in2DMode":false,"pivot":{"x":52.18033981323242,"y":-4.704131603240967,"z":-0.6844077110290527},"rotation":{"x":0.04540622979402542,"y":0.7268213629722595,"z":-0.048259664326906207,"w":0.6836513876914978},"size":20.621597290039064,"orthographic":false}